{
  "Test_0": {
    "hyperparameters": {
      "kernel": "<class 'gpytorch.kernels.rbf_kernel.RBFKernel'>",
      "learningrate": 0.05,
      "training_iterations": 2000,
      "feature_lengthscale": "single",
      "rank": 1
    },
    "all_metrics": {
      "train": {
        "R^2": [
          0.901,
          0.899,
          0.903,
          0.907,
          0.888
        ],
        "MAE": [
          1.2e-17,
          0.0644,
          0.318,
          4.1100000000000004e-26,
          13.8
        ],
        "RMSE": [
          1.8e-17,
          0.0872,
          0.472,
          5.71e-26,
          18.2
        ],
        "R": [
          0.956,
          0.956,
          0.967,
          0.96,
          0.949
        ],
        "rho": [
          0.869,
          0.905,
          0.915,
          0.941,
          0.925
        ],
        "tau": [
          0.703,
          0.745,
          0.78,
          0.802,
          0.777
        ],
        "Uncertainty": [
          5.54e-17,
          0.312,
          2.58,
          6.64e-25,
          474.0
        ],
        "Uncertainty_Correlation": [
          -0.0369,
          -0.15,
          -0.28,
          -0.0161,
          -0.0317
        ]
      },
      "test": {
        "R^2": [
          0.301,
          0.21,
          -0.0585,
          -0.0697,
          0.0675
        ],
        "MAE": [
          2.57e-17,
          0.165,
          1.01,
          1.34e-25,
          37.5
        ],
        "RMSE": [
          3.62e-17,
          0.224,
          1.76,
          1.8600000000000002e-25,
          48.4
        ],
        "R": [
          0.617,
          0.513,
          0.187,
          0.276,
          0.41
        ],
        "rho": [
          0.234,
          0.313,
          0.324,
          0.229,
          0.374
        ],
        "tau": [
          0.171,
          0.213,
          0.225,
          0.16,
          0.265
        ],
        "Uncertainty": [
          6.16e-17,
          0.353,
          3.31,
          7.5e-25,
          494.0
        ],
        "Uncertainty_Correlation": [
          0.173,
          0.0449,
          0.145,
          0.221,
          0.0976
        ]
      }
    }
  },
  "Test_1": {
    "hyperparameters": {
      "kernel": "<class 'gpytorch.kernels.rbf_kernel.RBFKernel'>",
      "learningrate": 0.05,
      "training_iterations": 2000,
      "feature_lengthscale": "single",
      "rank": 1
    },
    "all_metrics": {
      "train": {
        "R^2": [
          0.854,
          0.83,
          0.854,
          0.882,
          0.843
        ],
        "MAE": [
          1.24e-17,
          0.0786,
          0.38,
          4.57e-26,
          16.0
        ],
        "RMSE": [
          1.81e-17,
          0.107,
          0.576,
          6.72e-26,
          21.1
        ],
        "R": [
          0.94,
          0.931,
          0.954,
          0.952,
          0.931
        ],
        "rho": [
          0.853,
          0.862,
          0.891,
          0.937,
          0.905
        ],
        "tau": [
          0.684,
          0.694,
          0.743,
          0.795,
          0.751
        ],
        "Uncertainty": [
          5.19e-17,
          0.313,
          2.68,
          6.76e-25,
          478.0
        ],
        "Uncertainty_Correlation": [
          0.00456,
          -0.138,
          -0.144,
          0.0744,
          -0.173
        ]
      },
      "test": {
        "R^2": [
          0.645,
          0.566,
          -0.0263,
          -0.08,
          0.19
        ],
        "MAE": [
          2.51e-17,
          0.138,
          0.965,
          1.2900000000000003e-25,
          36.1
        ],
        "RMSE": [
          3.71e-17,
          0.183,
          1.72,
          1.7000000000000002e-25,
          47.5
        ],
        "R": [
          0.821,
          0.759,
          0.209,
          0.261,
          0.449
        ],
        "rho": [
          0.458,
          0.479,
          0.299,
          0.283,
          0.457
        ],
        "tau": [
          0.321,
          0.349,
          0.207,
          0.186,
          0.323
        ],
        "Uncertainty": [
          5.85e-17,
          0.351,
          3.09,
          7.39e-25,
          493.0
        ],
        "Uncertainty_Correlation": [
          0.102,
          -0.0575,
          0.0907,
          0.0758,
          0.222
        ]
      }
    }
  }
}